<?xml version="1.0"?>
<opencv_storage>
<cascade>
  <stageType>BOOST</stageType>
  <featureType>HAAR</featureType>
  <height>24</height>
  <width>24</width>
  <stageParams>
    <boostType>GAB</boostType>
    <minHitRate>9.9500000476837158e-01</minHitRate>
    <maxFalseAlarm>5.0000000000000000e-01</maxFalseAlarm>
    <weightTrimRate>9.4999998807907104e-01</weightTrimRate>
    <maxDepth>1</maxDepth>
    <maxWeakCount>100</maxWeakCount></stageParams>
  <featureParams>
    <maxCatCount>0</maxCatCount>
    <featSize>1</featSize>
    <mode>BASIC</mode></featureParams>
  <stageNum>5</stageNum>
  <stages>
    <!-- stage 0 -->
    <_>
      <maxWeakCount>1</maxWeakCount>
      <stageThreshold>9.6476966142654419e-01</stageThreshold>
      <weakClassifiers>
        <_>
          <internalNodes>
            0 -1 5 5.7345638051629066e-03</internalNodes>
          <leafValues>
            -9.9534881114959717e-01 9.6476966142654419e-01</leafValues></_></weakClassifiers></_>
    <!-- stage 1 -->
    <_>
      <maxWeakCount>3</maxWeakCount>
      <stageThreshold>-7.2936874628067017e-01</stageThreshold>
      <weakClassifiers>
        <_>
          <internalNodes>
            0 -1 2 -2.9432430863380432e-01</internalNodes>
          <leafValues>
            9.8243045806884766e-01 -9.2416357994079590e-01</leafValues></_>
        <_>
          <internalNodes>
            0 -1 0 -2.6509153842926025e-01</internalNodes>
          <leafValues>
            9.5261305570602417e-01 -7.4680453538894653e-01</leafValues></_>
        <_>
          <internalNodes>
            0 -1 4 -1.5992569923400879e-01</internalNodes>
          <leafValues>
            9.4159936904907227e-01 -7.3866820335388184e-01</leafValues></_></weakClassifiers></_>
    <!-- stage 2 -->
    <_>
      <maxWeakCount>2</maxWeakCount>
      <stageThreshold>-2.0080059766769409e-01</stageThreshold>
      <weakClassifiers>
        <_>
          <internalNodes>
            0 -1 3 -3.8043838739395142e-01</internalNodes>
          <leafValues>
            9.3447738885879517e-01 -8.4426820278167725e-01</leafValues></_>
        <_>
          <internalNodes>
            0 -1 6 -1.9094675735686906e-05</internalNodes>
          <leafValues>
            6.4346760511398315e-01 -1.</leafValues></_></weakClassifiers></_>
    <!-- stage 3 -->
    <_>
      <maxWeakCount>2</maxWeakCount>
      <stageThreshold>1.1831507086753845e-02</stageThreshold>
      <weakClassifiers>
        <_>
          <internalNodes>
            0 -1 6 -4.6710221795365214e-04</internalNodes>
          <leafValues>
            -9.8538959026336670e-01 8.0653268098831177e-01</leafValues></_>
        <_>
          <internalNodes>
            0 -1 1 -4.7138532996177673e-01</internalNodes>
          <leafValues>
            9.9722111225128174e-01 -7.8231298923492432e-01</leafValues></_></weakClassifiers></_>
    <!-- stage 4 -->
    <_>
      <maxWeakCount>1</maxWeakCount>
      <stageThreshold>9.0575915575027466e-01</stageThreshold>
      <weakClassifiers>
        <_>
          <internalNodes>
            0 -1 6 -1.9094675735686906e-05</internalNodes>
          <leafValues>
            9.0575915575027466e-01 -1.</leafValues></_></weakClassifiers></_></stages>
  <features>
    <_>
      <rects>
        <_>
          0 5 18 19 -1.</_>
        <_>
          6 5 6 19 3.</_></rects>
      <tilted>0</tilted></_>
    <_>
      <rects>
        <_>
          0 7 21 14 -1.</_>
        <_>
          7 7 7 14 3.</_></rects>
      <tilted>0</tilted></_>
    <_>
      <rects>
        <_>
          0 8 21 16 -1.</_>
        <_>
          7 8 7 16 3.</_></rects>
      <tilted>0</tilted></_>
    <_>
      <rects>
        <_>
          0 9 21 14 -1.</_>
        <_>
          7 9 7 14 3.</_></rects>
      <tilted>0</tilted></_>
    <_>
      <rects>
        <_>
          0 11 24 7 -1.</_>
        <_>
          8 11 8 7 3.</_></rects>
      <tilted>0</tilted></_>
    <_>
      <rects>
        <_>
          0 22 2 2 -1.</_>
        <_>
          1 22 1 2 2.</_></rects>
      <tilted>0</tilted></_>
    <_>
      <rects>
        <_>
          1 21 1 2 -1.</_>
        <_>
          1 22 1 1 2.</_></rects>
      <tilted>0</tilted></_></features></cascade>
</opencv_storage>
